SAMPLE_ID,GENOMIC,5_FPG_GENE_NAME,5_FRAME,3_FPG_GENE_NAME,3_FRAME,DRIVER_PROB
R1506023214-S_S9_L004_.non-rRNA.P.Chimeric.out.junction,chr15:49284662>chr19:56671951,SECISBP2L,2,ZNF444,0,0.028971241853274453
R1506023214-S_S9_L004_.non-rRNA.P.Chimeric.out.junction,chr12:120634563>chr5:112257846,RPLP0,0,REEP5,0,0.013562126799762831
R1506023214-S_S9_L004_.non-rRNA.P.Chimeric.out.junction,chr6:108222718>chr7:91741565,SEC63,2,CYP51A1,0,0.04568483100390303
R1506023214-S_S9_L004_.non-rRNA.P.Chimeric.out.junction,chr17:40714752>chr11:64532809,COASY,0,SF1,0,0.004142755227187907
R1506023214-S_S9_L004_.non-rRNA.P.Chimeric.out.junction,chr17:48823224>chr16:69171770,LUC7L3,2,CIRH1A,0,0.07784891380092719
R1506023214-S_S9_L004_.non-rRNA.P.Chimeric.out.junction,chr1:115292496>chr1:71536625,CSDE1,0,ZRANB2,1,0.22516328080819983
R1506023214-S_S9_L004_.non-rRNA.P.Chimeric.out.junction,chr5:81572006>chr7:7677550,RPS23,0,RPA3,0,0.828418435624231
R1506023214-S_S9_L004_.non-rRNA.P.Chimeric.out.junction,chr1:109473176>chr2:69686627,CLCC1,0,AAK1,0,0.14649437925331085
R1506023214-S_S9_L004_.non-rRNA.P.Chimeric.out.junction,chr19:42583874>chr8:143781583,ZNF574,2,LY6K,0,0.40301009401930366
